technique,rmse,model_size,runtime,detection
OLS,0.010179690823729444,481.0,0.0064799527327219645,1.0
NNLS,0.02844411622996346,8.391666666666667,0.0019538084665934245,1.0
RIDGE,0.12512456806779268,186.71666666666667,0.004743502537409464,1.0
LASSO,0.14724753935126528,6.291666666666667,0.013169135649998982,0.875
Forward Stepwise,0.041175994342718424,2.4583333333333335,1.3297916889190673,0.7666666666666667
Backward Stepwise,0.04824562700703279,3.55,4.010190711418788,0.425
BMA,0.06304613848087832,3.675,0.07314474582672119,0.9916666666666667
BMAquad,0.3862612081971847,4.625,0.16499117811520894,1.0
