technique,rmse,model_size,runtime,detection
OLS,0.011230332271241336,481.0,0.006573779796197162,1.0
NNLS,0.025032086161603958,8.34959349593496,0.0019182286611417446,0.967479674796748
RIDGE,0.2200461191879617,133.1951219512195,0.00511944778566438,0.959349593495935
LASSO,0.13481772170787867,3.9430894308943087,0.004295279340046208,0.959349593495935
Forward Stepwise,0.03627295581950513,2.2195121951219514,1.06389124606683,0.926829268292683
Backward Stepwise,0.06717759798423412,2.894308943089431,4.04794680975317,0.3252032520325203
BMA,0.05192053681732531,2.772357723577236,0.04791624371598407,0.967479674796748
BMAquad,0.2742953719712619,3.138211382113821,0.07454552301546423,0.959349593495935
