Technique,Average Precision,Average RMSE,Run Time (s),Model Size
HySudeB,0.4623314627667308,0.21314160635145207,1.8067434888619642,6
