Technique,Average Precision,Average RMSE,Run Time (s),Model Size
HySudeB,0.40833333333333327,0.21396652669863625,1.4959776401519775,6
