Technique,Average Precision,Average RMSE,Run Time (s),Model Size
HySudeB,0.08797924683341349,0.21003411360908805,1.3914037466049194,8
