Technique,Average Precision,Average RMSE,Run Time (s),Model Size
HySudeB,0.7275941043083899,0.1918971448177776,1.278805136680603,5
