Technique,Average Precision,Average RMSE,Run Time (s),Model Size
HySudeB,0.632276761778926,0.2018133021366724,1.3237948310267817,5
