Technique,Average Precision,Average RMSE,Run Time (s),Model Size
LASSO Regression,0.32179588088678995,0.024103596806526184,0.14061760902404785,11
