Technique,Average Precision,Average RMSE,Run Time (s),Model Size
HySudeB,0.04072962850788135,0.2081505656373119,1.47498080886413,7
