Technique,Average Precision,Average RMSE,Run Time (s),Model Size
HySudeB,0.40833333333333327,0.2235689076973139,1.3111867904663086,6
