Technique,Average Precision,Average RMSE,Run Time (s),Model Size
HySudeB,0.45014184933232554,0.20848576986075681,1.8324397087097168,6
