Technique,Average Precision,Average RMSE,Run Time (s),Model Size
HySudeB,0.7527777777777778,0.19865335330818926,1.3711121082305908,6
